theta0,theta1
0.844835,-0.209155
